/*
 Navicat Premium Data Transfer

 Source Server         : 本地mysql
 Source Server Type    : MySQL
 Source Server Version : 100411
 Source Host           : 127.0.0.1:3306
 Source Schema         : vendor

 Target Server Type    : MySQL
 Target Server Version : 100411
 File Encoding         : 65001

 Date: 03/04/2020 08:42:52
*/

SET NAMES utf8mb4;
SET FOREIGN_KEY_CHECKS = 0;

-- ----------------------------
-- Table structure for banner
-- ----------------------------
DROP TABLE IF EXISTS `banner`;
CREATE TABLE `banner`  (
  `id` int(11) NOT NULL AUTO_INCREMENT,
  `name` varchar(50) CHARACTER SET utf8mb4 COLLATE utf8mb4_general_ci NULL DEFAULT NULL COMMENT 'Banner名称，通常作为标识',
  `description` varchar(255) CHARACTER SET utf8mb4 COLLATE utf8mb4_general_ci NULL DEFAULT NULL COMMENT 'Banner描述',
  `delete_time` int(11) NULL DEFAULT NULL,
  `update_time` int(11) NULL DEFAULT NULL,
  PRIMARY KEY (`id`) USING BTREE
) ENGINE = InnoDB AUTO_INCREMENT = 2 CHARACTER SET = utf8mb4 COLLATE = utf8mb4_general_ci COMMENT = 'banner管理表' ROW_FORMAT = Dynamic;

-- ----------------------------
-- Records of banner
-- ----------------------------
INSERT INTO `banner` VALUES (1, '首页置顶', '首页轮播图', NULL, NULL);

-- ----------------------------
-- Table structure for banner_item
-- ----------------------------
DROP TABLE IF EXISTS `banner_item`;
CREATE TABLE `banner_item`  (
  `id` int(11) NOT NULL AUTO_INCREMENT,
  `img_id` int(11) NOT NULL COMMENT '外键，关联image表',
  `key_word` varchar(100) CHARACTER SET utf8mb4 COLLATE utf8mb4_general_ci NOT NULL COMMENT '执行关键字，根据不同的type含义不同',
  `type` tinyint(4) NOT NULL DEFAULT 1 COMMENT '跳转类型，可能导向商品，可能导向专题，可能导向其他。0，无导向；1：导向商品;2:导向专题',
  `status` tinyint(1) UNSIGNED NOT NULL DEFAULT 1 COMMENT '销售状态。0，未上线；1，已上线',
  `sort` int(11) UNSIGNED NOT NULL DEFAULT 0 COMMENT '排序权重',
  `delete_time` int(11) NULL DEFAULT NULL,
  `banner_id` int(11) NOT NULL COMMENT '外键，关联banner表',
  `update_time` int(11) NULL DEFAULT NULL,
  PRIMARY KEY (`id`) USING BTREE
) ENGINE = InnoDB AUTO_INCREMENT = 6 CHARACTER SET = utf8mb4 COLLATE = utf8mb4_general_ci COMMENT = 'banner子项表' ROW_FORMAT = Dynamic;

-- ----------------------------
-- Records of banner_item
-- ----------------------------
INSERT INTO `banner_item` VALUES (1, 65, '6', 1, 1, 0, NULL, 1, NULL);
INSERT INTO `banner_item` VALUES (2, 2, '25', 1, 1, 0, NULL, 1, NULL);
INSERT INTO `banner_item` VALUES (3, 3, '11', 1, 1, 0, NULL, 1, NULL);
INSERT INTO `banner_item` VALUES (5, 1, '10', 1, 1, 0, NULL, 1, NULL);

-- ----------------------------
-- Table structure for category
-- ----------------------------
DROP TABLE IF EXISTS `category`;
CREATE TABLE `category`  (
  `id` int(11) NOT NULL AUTO_INCREMENT,
  `name` varchar(50) CHARACTER SET utf8mb4 COLLATE utf8mb4_general_ci NOT NULL COMMENT '分类名称',
  `topic_img_id` int(11) NULL DEFAULT NULL COMMENT '外键，关联image表',
  `status` tinyint(1) UNSIGNED NOT NULL DEFAULT 1 COMMENT '销售状态。0，未上线；1，已上线',
  `sort` int(11) UNSIGNED NOT NULL DEFAULT 0 COMMENT '排序权重',
  `delete_time` int(11) NULL DEFAULT NULL,
  `description` varchar(100) CHARACTER SET utf8mb4 COLLATE utf8mb4_general_ci NULL DEFAULT NULL COMMENT '描述',
  `update_time` int(11) NULL DEFAULT NULL,
  PRIMARY KEY (`id`) USING BTREE
) ENGINE = InnoDB AUTO_INCREMENT = 16 CHARACTER SET = utf8mb4 COLLATE = utf8mb4_general_ci COMMENT = '商品类目' ROW_FORMAT = Dynamic;

-- ----------------------------
-- Records of category
-- ----------------------------
INSERT INTO `category` VALUES (2, '果味', 6, 1, 0, NULL, NULL, NULL);
INSERT INTO `category` VALUES (3, '蔬菜', 5, 1, 0, NULL, NULL, NULL);
INSERT INTO `category` VALUES (4, '炒货', 7, 1, 0, NULL, NULL, NULL);
INSERT INTO `category` VALUES (5, '点心', 4, 1, 0, NULL, NULL, NULL);
INSERT INTO `category` VALUES (6, '粗茶', 8, 0, 9, NULL, '', NULL);
INSERT INTO `category` VALUES (7, '淡饭', 9, 1, 8, NULL, NULL, NULL);
INSERT INTO `category` VALUES (10, '春意', 71, 1, 10, 1585673848, 'xxx', NULL);
INSERT INTO `category` VALUES (11, 'xxx', 72, 1, 0, 1585673999, 'dddd', NULL);
INSERT INTO `category` VALUES (12, 'ffff', 73, 1, 0, 1585673994, 'gggg', 1585673026);
INSERT INTO `category` VALUES (13, 'ggg', 74, 1, 1, 1585673985, '', 1585673185);
INSERT INTO `category` VALUES (14, '111', 75, 1, 0, 1585673990, '', 1585673198);
INSERT INTO `category` VALUES (15, '頂頂頂頂', 76, 1, 1, 1585755304, '', 1585755181);

-- ----------------------------
-- Table structure for image
-- ----------------------------
DROP TABLE IF EXISTS `image`;
CREATE TABLE `image`  (
  `id` int(11) NOT NULL AUTO_INCREMENT,
  `url` varchar(255) CHARACTER SET utf8mb4 COLLATE utf8mb4_general_ci NOT NULL COMMENT '图片路径',
  `from` tinyint(4) NOT NULL DEFAULT 1 COMMENT '1 来自本地，2 来自公网',
  `delete_time` int(11) NULL DEFAULT NULL,
  `update_time` int(11) NULL DEFAULT NULL,
  PRIMARY KEY (`id`) USING BTREE
) ENGINE = InnoDB AUTO_INCREMENT = 134 CHARACTER SET = utf8mb4 COLLATE = utf8mb4_general_ci COMMENT = '图片总表' ROW_FORMAT = Dynamic;

-- ----------------------------
-- Records of image
-- ----------------------------
INSERT INTO `image` VALUES (1, '/banner-1a.png', 1, NULL, NULL);
INSERT INTO `image` VALUES (2, '/banner-2a.png', 1, NULL, NULL);
INSERT INTO `image` VALUES (3, '/banner-3a.png', 1, NULL, NULL);
INSERT INTO `image` VALUES (4, '/category-cake.png', 1, NULL, NULL);
INSERT INTO `image` VALUES (5, '/category-vg.png', 1, NULL, NULL);
INSERT INTO `image` VALUES (6, '/category-dryfruit.png', 1, NULL, NULL);
INSERT INTO `image` VALUES (7, '/category-fry-a.png', 1, NULL, NULL);
INSERT INTO `image` VALUES (8, '/a4d604d4cb305851/b96a161440e4a640.png', 1, NULL, 1585672475);
INSERT INTO `image` VALUES (9, '/category-rice.png', 1, NULL, NULL);
INSERT INTO `image` VALUES (10, '/product-dryfruit@1.png', 1, NULL, NULL);
INSERT INTO `image` VALUES (13, '/product-vg@1.png', 1, NULL, NULL);
INSERT INTO `image` VALUES (14, '/product-rice@6.png', 1, NULL, NULL);
INSERT INTO `image` VALUES (16, '/1@theme.png', 1, NULL, NULL);
INSERT INTO `image` VALUES (17, '/2@theme.png', 1, NULL, NULL);
INSERT INTO `image` VALUES (18, '/3@theme.png', 1, NULL, NULL);
INSERT INTO `image` VALUES (19, '/detail-1@1-dryfruit.png', 1, NULL, NULL);
INSERT INTO `image` VALUES (20, '/detail-2@1-dryfruit.png', 1, NULL, NULL);
INSERT INTO `image` VALUES (21, '/detail-3@1-dryfruit.png', 1, NULL, NULL);
INSERT INTO `image` VALUES (22, '/detail-4@1-dryfruit.png', 1, NULL, NULL);
INSERT INTO `image` VALUES (23, '/detail-5@1-dryfruit.png', 1, NULL, NULL);
INSERT INTO `image` VALUES (24, '/detail-6@1-dryfruit.png', 1, NULL, NULL);
INSERT INTO `image` VALUES (25, '/detail-7@1-dryfruit.png', 1, NULL, NULL);
INSERT INTO `image` VALUES (26, '/detail-8@1-dryfruit.png', 1, NULL, NULL);
INSERT INTO `image` VALUES (27, '/detail-9@1-dryfruit.png', 1, NULL, NULL);
INSERT INTO `image` VALUES (28, '/detail-11@1-dryfruit.png', 1, NULL, NULL);
INSERT INTO `image` VALUES (29, '/detail-10@1-dryfruit.png', 1, NULL, NULL);
INSERT INTO `image` VALUES (31, '/product-rice@1.png', 1, NULL, NULL);
INSERT INTO `image` VALUES (32, '/product-tea@1.png', 1, NULL, NULL);
INSERT INTO `image` VALUES (33, '/product-dryfruit@2.png', 1, NULL, NULL);
INSERT INTO `image` VALUES (36, '/product-dryfruit@3.png', 1, NULL, NULL);
INSERT INTO `image` VALUES (37, '/product-dryfruit@4.png', 1, NULL, NULL);
INSERT INTO `image` VALUES (38, '/product-dryfruit@5.png', 1, NULL, NULL);
INSERT INTO `image` VALUES (39, '/product-dryfruit-a@6.png', 1, NULL, NULL);
INSERT INTO `image` VALUES (40, '/product-dryfruit@7.png', 1, NULL, NULL);
INSERT INTO `image` VALUES (41, '/product-rice@2.png', 1, NULL, NULL);
INSERT INTO `image` VALUES (42, '/product-rice@3.png', 1, NULL, NULL);
INSERT INTO `image` VALUES (43, '/product-rice@4.png', 1, NULL, NULL);
INSERT INTO `image` VALUES (44, '/product-fry@1.png', 1, NULL, NULL);
INSERT INTO `image` VALUES (45, '/product-fry@2.png', 1, NULL, NULL);
INSERT INTO `image` VALUES (46, '/product-fry@3.png', 1, NULL, NULL);
INSERT INTO `image` VALUES (47, '/product-tea@2.png', 1, NULL, NULL);
INSERT INTO `image` VALUES (48, '/product-tea@3.png', 1, NULL, NULL);
INSERT INTO `image` VALUES (49, '/1@theme-head.png', 1, NULL, NULL);
INSERT INTO `image` VALUES (50, '/2@theme-head.png', 1, NULL, NULL);
INSERT INTO `image` VALUES (51, '/3@theme-head.png', 1, NULL, NULL);
INSERT INTO `image` VALUES (52, '/product-cake@1.png', 1, NULL, NULL);
INSERT INTO `image` VALUES (53, '/product-cake@2.png', 1, NULL, NULL);
INSERT INTO `image` VALUES (54, '/product-cake-a@3.png', 1, NULL, NULL);
INSERT INTO `image` VALUES (55, '/product-cake-a@4.png', 1, NULL, NULL);
INSERT INTO `image` VALUES (56, '/product-dryfruit@8.png', 1, NULL, NULL);
INSERT INTO `image` VALUES (57, '/product-fry@4.png', 1, NULL, NULL);
INSERT INTO `image` VALUES (58, '/product-fry@5.png', 1, NULL, NULL);
INSERT INTO `image` VALUES (59, '/product-rice@5.png', 1, NULL, NULL);
INSERT INTO `image` VALUES (60, '/product-rice@7.png', 1, NULL, NULL);
INSERT INTO `image` VALUES (62, '/detail-12@1-dryfruit.png', 1, NULL, NULL);
INSERT INTO `image` VALUES (63, '/detail-13@1-dryfruit.png', 1, NULL, NULL);
INSERT INTO `image` VALUES (65, '/banner-4a.png', 1, NULL, NULL);
INSERT INTO `image` VALUES (66, '/product-vg@4.png', 1, NULL, NULL);
INSERT INTO `image` VALUES (67, '/product-vg@5.png', 1, NULL, NULL);
INSERT INTO `image` VALUES (68, '/product-vg@2.png', 1, NULL, NULL);
INSERT INTO `image` VALUES (69, '/product-vg@3.png', 1, NULL, NULL);
INSERT INTO `image` VALUES (71, '/49eacdbb3bbf8383/85e9d9befaf802ba.jpg', 1, NULL, 1585672873);
INSERT INTO `image` VALUES (72, '/49eacdbb3bbf8383/85e9d9befaf802ba.jpg', 1, NULL, 1585672925);
INSERT INTO `image` VALUES (73, '/49eacdbb3bbf8383/85e9d9befaf802ba.jpg', 1, NULL, 1585673026);
INSERT INTO `image` VALUES (74, '/49eacdbb3bbf8383/85e9d9befaf802ba.jpg', 1, NULL, 1585673185);
INSERT INTO `image` VALUES (75, '/49eacdbb3bbf8383/85e9d9befaf802ba.jpg', 1, NULL, 1585673198);
INSERT INTO `image` VALUES (133, '/5037bffcdf09bc7c/b5261a08189ea4be.png', 1, NULL, 1585845344);

-- ----------------------------
-- Table structure for order
-- ----------------------------
DROP TABLE IF EXISTS `order`;
CREATE TABLE `order`  (
  `id` int(11) NOT NULL AUTO_INCREMENT,
  `order_no` varchar(20) CHARACTER SET utf8mb4 COLLATE utf8mb4_general_ci NOT NULL COMMENT '订单号',
  `user_id` int(11) NOT NULL COMMENT '外键，用户id，注意并不是openid',
  `delete_time` int(11) NULL DEFAULT NULL,
  `create_time` int(11) NULL DEFAULT NULL,
  `total_price` decimal(6, 2) NOT NULL,
  `status` tinyint(4) NOT NULL DEFAULT 1 COMMENT '1:未支付， 2：已支付，3：已发货 , 4: 已支付，但库存不足',
  `snap_img` varchar(255) CHARACTER SET utf8mb4 COLLATE utf8mb4_general_ci NULL DEFAULT NULL COMMENT '订单快照图片',
  `snap_name` varchar(80) CHARACTER SET utf8mb4 COLLATE utf8mb4_general_ci NULL DEFAULT NULL COMMENT '订单快照名称',
  `total_count` int(11) NOT NULL DEFAULT 0,
  `update_time` int(11) NULL DEFAULT NULL,
  `snap_items` text CHARACTER SET utf8mb4 COLLATE utf8mb4_general_ci NULL COMMENT '订单其他信息快照（json)',
  `snap_address` varchar(500) CHARACTER SET utf8mb4 COLLATE utf8mb4_general_ci NULL DEFAULT NULL COMMENT '地址快照',
  `prepay_id` varchar(100) CHARACTER SET utf8mb4 COLLATE utf8mb4_general_ci NULL DEFAULT NULL COMMENT '订单微信支付的预订单id（用于发送模板消息）',
  PRIMARY KEY (`id`) USING BTREE,
  UNIQUE INDEX `order_no`(`order_no`) USING BTREE,
  INDEX `user_id`(`user_id`) USING BTREE
) ENGINE = InnoDB AUTO_INCREMENT = 539 CHARACTER SET = utf8mb4 COLLATE = utf8mb4_general_ci ROW_FORMAT = Dynamic;

-- ----------------------------
-- Table structure for order_product
-- ----------------------------
DROP TABLE IF EXISTS `order_product`;
CREATE TABLE `order_product`  (
  `order_id` int(11) NOT NULL COMMENT '联合主键，订单id',
  `product_id` int(11) NOT NULL COMMENT '联合主键，商品id',
  `count` int(11) NOT NULL COMMENT '商品数量',
  `delete_time` int(11) NULL DEFAULT NULL,
  `update_time` int(11) NULL DEFAULT NULL,
  PRIMARY KEY (`product_id`, `order_id`) USING BTREE
) ENGINE = InnoDB CHARACTER SET = utf8mb4 COLLATE = utf8mb4_general_ci ROW_FORMAT = Dynamic;

-- ----------------------------
-- Table structure for product
-- ----------------------------
DROP TABLE IF EXISTS `product`;
CREATE TABLE `product`  (
  `id` int(11) NOT NULL,
  `name` varchar(80) CHARACTER SET utf8mb4 COLLATE utf8mb4_general_ci NOT NULL COMMENT '商品名称',
  `price` decimal(6, 2) NOT NULL COMMENT '价格,单位：分',
  `stock` int(11) NOT NULL DEFAULT 0 COMMENT '库存量',
  `delete_time` int(11) NULL DEFAULT NULL,
  `category_id` int(11) NULL DEFAULT NULL,
  `main_img_url` varchar(255) CHARACTER SET utf8mb4 COLLATE utf8mb4_general_ci NULL DEFAULT NULL COMMENT '主图ID号，这是一个反范式设计，有一定的冗余',
  `from` tinyint(4) NOT NULL DEFAULT 1 COMMENT '图片来自 1 本地 ，2公网',
  `status` tinyint(1) UNSIGNED NOT NULL DEFAULT 1 COMMENT '销售状态。0，未上线；1，已上线',
  `sort` int(11) UNSIGNED NOT NULL DEFAULT 0 COMMENT '排序权重',
  `create_time` int(11) NULL DEFAULT NULL COMMENT '创建时间',
  `update_time` int(11) NULL DEFAULT NULL,
  `summary` varchar(50) CHARACTER SET utf8mb4 COLLATE utf8mb4_general_ci NULL DEFAULT NULL COMMENT '摘要',
  `img_id` int(11) NULL DEFAULT NULL COMMENT '图片外键',
  PRIMARY KEY (`id`) USING BTREE
) ENGINE = InnoDB CHARACTER SET = utf8mb4 COLLATE = utf8mb4_general_ci ROW_FORMAT = Dynamic;

-- ----------------------------
-- Records of product
-- ----------------------------
INSERT INTO `product` VALUES (1, '芹菜 半斤', 0.01, 998, NULL, 3, '/product-vg@1.png', 1, 1, 0, NULL, NULL, NULL, 13);
INSERT INTO `product` VALUES (2, '梨花带雨 3个', 0.01, 984, NULL, 2, '/product-dryfruit@1.png', 1, 1, 0, NULL, NULL, NULL, 10);
INSERT INTO `product` VALUES (3, '素米 327克', 0.01, 996, NULL, 7, '/product-rice@1.png', 1, 1, 0, NULL, NULL, NULL, 31);
INSERT INTO `product` VALUES (4, '红袖枸杞 6克*3袋', 0.01, 998, NULL, 6, '/product-tea@1.png', 1, 1, 0, NULL, NULL, NULL, 32);
INSERT INTO `product` VALUES (5, '春生龙眼 500克', 0.01, 995, NULL, 2, '/product-dryfruit@2.png', 1, 1, 0, NULL, NULL, NULL, 33);
INSERT INTO `product` VALUES (6, '小红的猪耳朵 120克', 0.01, 997, NULL, 5, '/product-cake@2.png', 1, 1, 0, NULL, NULL, NULL, 53);
INSERT INTO `product` VALUES (7, '泥蒿 半斤', 0.01, 998, NULL, 3, '/product-vg@2.png', 1, 1, 0, NULL, NULL, NULL, 68);
INSERT INTO `product` VALUES (8, '夏日芒果 3个', 0.01, 995, NULL, 2, '/product-dryfruit@3.png', 1, 1, 0, NULL, NULL, NULL, 36);
INSERT INTO `product` VALUES (9, '冬木红枣 500克', 0.01, 996, NULL, 2, '/product-dryfruit@4.png', 1, 1, 0, NULL, NULL, NULL, 37);
INSERT INTO `product` VALUES (10, '万紫千凤梨 300克', 0.01, 996, NULL, 2, '/product-dryfruit@5.png', 1, 1, 0, NULL, NULL, NULL, 38);
INSERT INTO `product` VALUES (11, '贵妃笑 100克', 0.01, 994, NULL, 2, '/product-dryfruit-a@6.png', 1, 1, 0, NULL, NULL, NULL, 39);
INSERT INTO `product` VALUES (12, '珍奇异果 3个', 0.01, 999, NULL, 2, '/product-dryfruit@7.png', 1, 1, 0, NULL, NULL, NULL, 40);
INSERT INTO `product` VALUES (13, '绿豆 125克', 0.01, 999, NULL, 7, '/product-rice@2.png', 1, 1, 0, NULL, NULL, NULL, 41);
INSERT INTO `product` VALUES (14, '芝麻 50克', 0.01, 999, NULL, 7, '/product-rice@3.png', 1, 1, 0, NULL, NULL, NULL, 42);
INSERT INTO `product` VALUES (15, '猴头菇 370克', 0.01, 999, NULL, 7, '/product-rice@4.png', 1, 1, 0, NULL, NULL, NULL, 43);
INSERT INTO `product` VALUES (16, '西红柿 1斤', 0.01, 999, NULL, 3, '/product-vg@3.png', 1, 1, 0, NULL, NULL, NULL, 69);
INSERT INTO `product` VALUES (17, '油炸花生 300克', 0.01, 999, NULL, 4, '/product-fry@1.png', 1, 1, 0, NULL, NULL, NULL, 44);
INSERT INTO `product` VALUES (18, '春泥西瓜子 128克', 0.01, 997, NULL, 4, '/product-fry@2.png', 1, 1, 0, NULL, NULL, NULL, 45);
INSERT INTO `product` VALUES (19, '碧水葵花籽 128克', 0.01, 999, NULL, 4, '/product-fry@3.png', 1, 1, 0, NULL, NULL, NULL, 46);
INSERT INTO `product` VALUES (20, '碧螺春 12克*3袋', 0.01, 999, NULL, 6, '/product-tea@2.png', 1, 1, 0, NULL, NULL, NULL, 47);
INSERT INTO `product` VALUES (21, '西湖龙井 8克*3袋', 0.01, 998, NULL, 6, '/product-tea@3.png', 1, 1, 0, NULL, NULL, NULL, 48);
INSERT INTO `product` VALUES (22, '梅兰清花糕 1个', 0.01, 997, NULL, 5, '/product-cake-a@3.png', 1, 1, 0, NULL, NULL, NULL, 54);
INSERT INTO `product` VALUES (23, '清凉薄荷糕 1个', 0.01, 998, NULL, 5, '/product-cake-a@4.png', 1, 1, 0, NULL, NULL, NULL, 55);
INSERT INTO `product` VALUES (25, '小明的妙脆角 120克', 0.01, 999, NULL, 5, '/product-cake@1.png', 1, 1, 0, NULL, NULL, NULL, 52);
INSERT INTO `product` VALUES (26, '红衣青瓜 混搭160克', 0.01, 999, NULL, 2, '/product-dryfruit@8.png', 1, 1, 0, NULL, NULL, NULL, 56);
INSERT INTO `product` VALUES (27, '锈色瓜子 100克', 0.01, 998, NULL, 4, '/product-fry@4.png', 1, 1, 0, NULL, NULL, NULL, 57);
INSERT INTO `product` VALUES (28, '春泥花生 200克', 0.01, 999, NULL, 4, '/product-fry@5.png', 1, 1, 0, NULL, NULL, NULL, 58);
INSERT INTO `product` VALUES (29, '冰心鸡蛋 2个', 0.01, 999, NULL, 7, '/product-rice@5.png', 1, 1, 0, NULL, NULL, NULL, 59);
INSERT INTO `product` VALUES (30, '八宝莲子 200克', 0.01, 999, NULL, 7, '/product-rice@6.png', 1, 1, 0, NULL, NULL, NULL, 14);
INSERT INTO `product` VALUES (31, '深涧木耳 78克', 0.01, 999, NULL, 7, '/product-rice@7.png', 1, 1, 0, NULL, NULL, NULL, 60);
INSERT INTO `product` VALUES (32, '土豆 半斤', 0.01, 999, NULL, 3, '/product-vg@4.png', 1, 1, 98, NULL, NULL, NULL, 66);
INSERT INTO `product` VALUES (33, '青椒 半斤', 0.01, 999, NULL, 3, '/product-vg@5.png', 1, 1, 99, NULL, NULL, NULL, 67);
INSERT INTO `product` VALUES (2147483647, 'sh', 1.00, 1, NULL, 5, '/5037bffcdf09bc7c/b5261a08189ea4be.png', 1, 1, 0, NULL, 1585845344, '', 133);

-- ----------------------------
-- Table structure for product_image
-- ----------------------------
DROP TABLE IF EXISTS `product_image`;
CREATE TABLE `product_image`  (
  `id` int(11) NOT NULL AUTO_INCREMENT,
  `img_id` int(11) NOT NULL COMMENT '外键，关联图片表',
  `delete_time` int(11) NULL DEFAULT NULL COMMENT '状态，主要表示是否删除，也可以扩展其他状态',
  `order` int(11) NOT NULL DEFAULT 0 COMMENT '图片排序序号',
  `product_id` int(11) NOT NULL COMMENT '商品id，外键',
  PRIMARY KEY (`id`) USING BTREE
) ENGINE = InnoDB AUTO_INCREMENT = 48 CHARACTER SET = utf8mb4 COLLATE = utf8mb4_general_ci ROW_FORMAT = Dynamic;

-- ----------------------------
-- Records of product_image
-- ----------------------------
INSERT INTO `product_image` VALUES (4, 19, NULL, 1, 11);
INSERT INTO `product_image` VALUES (5, 20, NULL, 2, 11);
INSERT INTO `product_image` VALUES (6, 21, NULL, 3, 11);
INSERT INTO `product_image` VALUES (7, 22, NULL, 4, 11);
INSERT INTO `product_image` VALUES (8, 23, NULL, 5, 11);
INSERT INTO `product_image` VALUES (9, 24, NULL, 6, 11);
INSERT INTO `product_image` VALUES (10, 25, NULL, 7, 11);
INSERT INTO `product_image` VALUES (11, 26, NULL, 8, 11);
INSERT INTO `product_image` VALUES (12, 27, NULL, 9, 11);
INSERT INTO `product_image` VALUES (13, 28, NULL, 11, 11);
INSERT INTO `product_image` VALUES (14, 29, NULL, 10, 11);
INSERT INTO `product_image` VALUES (18, 62, NULL, 12, 11);
INSERT INTO `product_image` VALUES (19, 63, NULL, 13, 11);

-- ----------------------------
-- Table structure for product_property
-- ----------------------------
DROP TABLE IF EXISTS `product_property`;
CREATE TABLE `product_property`  (
  `id` int(11) NOT NULL AUTO_INCREMENT,
  `name` varchar(30) CHARACTER SET utf8mb4 COLLATE utf8mb4_general_ci NULL DEFAULT '' COMMENT '详情属性名称',
  `detail` varchar(255) CHARACTER SET utf8mb4 COLLATE utf8mb4_general_ci NOT NULL COMMENT '详情属性',
  `product_id` int(11) NOT NULL COMMENT '商品id，外键',
  `delete_time` int(11) NULL DEFAULT NULL,
  `update_time` int(11) NULL DEFAULT NULL,
  PRIMARY KEY (`id`) USING BTREE
) ENGINE = InnoDB AUTO_INCREMENT = 42 CHARACTER SET = utf8mb4 COLLATE = utf8mb4_general_ci ROW_FORMAT = Dynamic;

-- ----------------------------
-- Records of product_property
-- ----------------------------
INSERT INTO `product_property` VALUES (1, '品名', '杨梅', 11, NULL, NULL);
INSERT INTO `product_property` VALUES (2, '口味', '青梅味 雪梨味 黄桃味 菠萝味', 11, NULL, NULL);
INSERT INTO `product_property` VALUES (3, '产地', '火星', 11, NULL, NULL);
INSERT INTO `product_property` VALUES (4, '保质期', '180天', 11, NULL, NULL);
INSERT INTO `product_property` VALUES (5, '品名', '梨子', 2, NULL, NULL);
INSERT INTO `product_property` VALUES (6, '产地', '金星', 2, NULL, NULL);
INSERT INTO `product_property` VALUES (7, '净含量', '100g', 2, NULL, NULL);
INSERT INTO `product_property` VALUES (8, '保质期', '10天', 2, NULL, NULL);
INSERT INTO `product_property` VALUES (41, '1', '', 2147483647, NULL, 1585845344);

-- ----------------------------
-- Table structure for system_config
-- ----------------------------
DROP TABLE IF EXISTS `system_config`;
CREATE TABLE `system_config`  (
  `type` varchar(20) CHARACTER SET utf8mb4 COLLATE utf8mb4_general_ci NULL DEFAULT '' COMMENT '分类',
  `name` varchar(100) CHARACTER SET utf8mb4 COLLATE utf8mb4_general_ci NULL DEFAULT '' COMMENT '配置名',
  `value` varchar(500) CHARACTER SET utf8mb4 COLLATE utf8mb4_general_ci NULL DEFAULT '' COMMENT '配置值',
  INDEX `idx_system_config_type`(`type`) USING BTREE,
  INDEX `idx_system_config_name`(`name`) USING BTREE
) ENGINE = InnoDB CHARACTER SET = utf8mb4 COLLATE = utf8mb4_general_ci COMMENT = '系统-配置' ROW_FORMAT = Dynamic;

-- ----------------------------
-- Records of system_config
-- ----------------------------
INSERT INTO `system_config` VALUES ('1', 'app_name', 'ThinkAdmin');
INSERT INTO `system_config` VALUES ('2', 'site_name', 'ThinkAdmin');
INSERT INTO `system_config` VALUES ('3', 'app_version', 'v4.1');
INSERT INTO `system_config` VALUES ('4', 'site_copy', '©版权所有 2014-2018 楚才科技');
INSERT INTO `system_config` VALUES ('5', 'site_icon', 'http://127.0.0.1:8000/upload/f47b8fe06e38ae99/08e8398da45583b9.png');
INSERT INTO `system_config` VALUES ('7', 'miitbeian', '粤ICP备16006642号-2');
INSERT INTO `system_config` VALUES ('8', 'storage_type', 'local');
INSERT INTO `system_config` VALUES ('9', 'storage_local_exts', 'doc,gif,icon,jpg,mp3,mp4,p12,pem,png,rar');
INSERT INTO `system_config` VALUES ('10', 'storage_qiniu_bucket', 'https');
INSERT INTO `system_config` VALUES ('11', 'storage_qiniu_domain', '用你自己的吧');
INSERT INTO `system_config` VALUES ('12', 'storage_qiniu_access_key', '用你自己的吧');
INSERT INTO `system_config` VALUES ('13', 'storage_qiniu_secret_key', '用你自己的吧');
INSERT INTO `system_config` VALUES ('14', 'storage_oss_bucket', 'cuci-mytest');
INSERT INTO `system_config` VALUES ('15', 'storage_oss_endpoint', 'oss-cn-hangzhou.aliyuncs.com');
INSERT INTO `system_config` VALUES ('16', 'storage_oss_domain', '用你自己的吧');
INSERT INTO `system_config` VALUES ('17', 'storage_oss_keyid', '用你自己的吧');
INSERT INTO `system_config` VALUES ('18', 'storage_oss_secret', '用你自己的吧');
INSERT INTO `system_config` VALUES ('36', 'storage_oss_is_https', 'http');
INSERT INTO `system_config` VALUES ('43', 'storage_qiniu_region', '华东');
INSERT INTO `system_config` VALUES ('44', 'storage_qiniu_is_https', 'https');
INSERT INTO `system_config` VALUES ('45', 'wechat_mch_id', '1332187001');
INSERT INTO `system_config` VALUES ('46', 'wechat_mch_key', 'A82DC5BD1F3359081049C568D8502BC5');
INSERT INTO `system_config` VALUES ('47', 'wechat_mch_ssl_type', 'p12');
INSERT INTO `system_config` VALUES ('48', 'wechat_mch_ssl_p12', '65b8e4f56718182d/1bc857ee646aa15d.p12');
INSERT INTO `system_config` VALUES ('49', 'wechat_mch_ssl_key', 'cc2e3e1345123930/c407d033294f283d.pem');
INSERT INTO `system_config` VALUES ('50', 'wechat_mch_ssl_cer', '966eaf89299e9c95/7014872cc109b29a.pem');
INSERT INTO `system_config` VALUES ('51', 'wechat_token', 'mytoken');
INSERT INTO `system_config` VALUES ('52', 'wechat_appid', 'wx60a43dd8161666d4');
INSERT INTO `system_config` VALUES ('53', 'wechat_appsecret', '9978422e0e431643d4b42868d183d60b');
INSERT INTO `system_config` VALUES ('54', 'wechat_encodingaeskey', '');
INSERT INTO `system_config` VALUES ('55', 'wechat_push_url', '消息推送地址：http://127.0.0.1:8000/wechat/api.push');
INSERT INTO `system_config` VALUES ('56', 'wechat_type', 'thr');
INSERT INTO `system_config` VALUES ('57', 'wechat_thr_appid', 'wx60a43dd8161666d4');
INSERT INTO `system_config` VALUES ('58', 'wechat_thr_appkey', '6d1116ba978018ceb84d24d6dda4fed0');
INSERT INTO `system_config` VALUES ('60', 'wechat_thr_appurl', '消息推送地址：http://127.0.0.1:8000/wechat/api.push');
INSERT INTO `system_config` VALUES ('61', 'component_appid', 'wx28b58798480874f9');
INSERT INTO `system_config` VALUES ('62', 'component_appsecret', '87ddce1cc24e4cd691039f926febd942');
INSERT INTO `system_config` VALUES ('63', 'component_token', 'P8QHTIxpBEq88IrxatqhgpBm2OAQROkI');
INSERT INTO `system_config` VALUES ('64', 'component_encodingaeskey', 'L5uFIa0U6KLalPyXckyqoVIJYLhsfrg8k9YzybZIHsx');
INSERT INTO `system_config` VALUES ('65', 'system_message_state', '0');
INSERT INTO `system_config` VALUES ('66', 'sms_zt_username', '可以找CUCI申请');
INSERT INTO `system_config` VALUES ('67', 'sms_zt_password', '可以找CUCI申请');
INSERT INTO `system_config` VALUES ('68', 'sms_reg_template', '您的验证码为{code}，请在十分钟内完成操作！');
INSERT INTO `system_config` VALUES ('69', 'sms_secure', '可以找CUCI申请');
INSERT INTO `system_config` VALUES ('70', 'store_title', '测试商城');
INSERT INTO `system_config` VALUES ('71', 'store_order_wait_time', '0.50');
INSERT INTO `system_config` VALUES ('72', 'store_order_clear_time', '24.00');
INSERT INTO `system_config` VALUES ('73', 'store_order_confirm_time', '60.00');

-- ----------------------------
-- Table structure for theme
-- ----------------------------
DROP TABLE IF EXISTS `theme`;
CREATE TABLE `theme`  (
  `id` int(11) NOT NULL AUTO_INCREMENT,
  `name` varchar(50) CHARACTER SET utf8mb4 COLLATE utf8mb4_general_ci NOT NULL COMMENT '专题名称',
  `description` varchar(255) CHARACTER SET utf8mb4 COLLATE utf8mb4_general_ci NULL DEFAULT NULL COMMENT '专题描述',
  `topic_img_id` int(11) NOT NULL COMMENT '主题图，外键',
  `status` tinyint(1) UNSIGNED NOT NULL DEFAULT 1 COMMENT '销售状态。0，未上线；1，已上线',
  `sort` int(1) UNSIGNED NOT NULL DEFAULT 0 COMMENT '排序权重',
  `delete_time` int(11) NULL DEFAULT NULL,
  `head_img_id` int(11) NOT NULL COMMENT '专题列表页，头图',
  `update_time` int(11) NULL DEFAULT NULL,
  PRIMARY KEY (`id`) USING BTREE
) ENGINE = InnoDB AUTO_INCREMENT = 4 CHARACTER SET = utf8mb4 COLLATE = utf8mb4_general_ci COMMENT = '主题信息表' ROW_FORMAT = Dynamic;

-- ----------------------------
-- Records of theme
-- ----------------------------
INSERT INTO `theme` VALUES (1, '专题栏位一', '美味水果世界', 16, 1, 0, NULL, 49, NULL);
INSERT INTO `theme` VALUES (2, '专题栏位二', '新品推荐', 17, 1, 2, NULL, 50, NULL);
INSERT INTO `theme` VALUES (3, '专题栏位三', '做个干物女', 18, 1, 3, NULL, 18, NULL);

-- ----------------------------
-- Table structure for theme_product
-- ----------------------------
DROP TABLE IF EXISTS `theme_product`;
CREATE TABLE `theme_product`  (
  `theme_id` int(11) NOT NULL COMMENT '主题外键',
  `product_id` int(11) NOT NULL COMMENT '商品外键',
  PRIMARY KEY (`theme_id`, `product_id`) USING BTREE
) ENGINE = InnoDB CHARACTER SET = utf8mb4 COLLATE = utf8mb4_general_ci COMMENT = '主题所包含的商品' ROW_FORMAT = Dynamic;

-- ----------------------------
-- Records of theme_product
-- ----------------------------
INSERT INTO `theme_product` VALUES (1, 2);
INSERT INTO `theme_product` VALUES (1, 5);
INSERT INTO `theme_product` VALUES (1, 8);
INSERT INTO `theme_product` VALUES (1, 10);
INSERT INTO `theme_product` VALUES (1, 12);
INSERT INTO `theme_product` VALUES (2, 1);
INSERT INTO `theme_product` VALUES (2, 2);
INSERT INTO `theme_product` VALUES (2, 3);
INSERT INTO `theme_product` VALUES (2, 5);
INSERT INTO `theme_product` VALUES (2, 6);
INSERT INTO `theme_product` VALUES (2, 16);
INSERT INTO `theme_product` VALUES (2, 33);
INSERT INTO `theme_product` VALUES (3, 15);
INSERT INTO `theme_product` VALUES (3, 18);
INSERT INTO `theme_product` VALUES (3, 19);
INSERT INTO `theme_product` VALUES (3, 27);
INSERT INTO `theme_product` VALUES (3, 30);
INSERT INTO `theme_product` VALUES (3, 31);

-- ----------------------------
-- Table structure for third_app
-- ----------------------------
DROP TABLE IF EXISTS `third_app`;
CREATE TABLE `third_app`  (
  `id` int(11) NOT NULL AUTO_INCREMENT,
  `app_id` varchar(64) CHARACTER SET utf8mb4 COLLATE utf8mb4_general_ci NOT NULL COMMENT '应用app_id',
  `app_secret` varchar(64) CHARACTER SET utf8mb4 COLLATE utf8mb4_general_ci NOT NULL COMMENT '应用secret',
  `app_description` varchar(100) CHARACTER SET utf8mb4 COLLATE utf8mb4_general_ci NULL DEFAULT NULL COMMENT '应用程序描述',
  `scope` varchar(20) CHARACTER SET utf8mb4 COLLATE utf8mb4_general_ci NOT NULL COMMENT '应用权限',
  `scope_description` varchar(100) CHARACTER SET utf8mb4 COLLATE utf8mb4_general_ci NULL DEFAULT NULL COMMENT '权限描述',
  `delete_time` int(11) NULL DEFAULT NULL,
  `update_time` int(11) NULL DEFAULT NULL,
  PRIMARY KEY (`id`) USING BTREE
) ENGINE = InnoDB AUTO_INCREMENT = 3 CHARACTER SET = utf8mb4 COLLATE = utf8mb4_general_ci COMMENT = '访问API的各应用账号密码表' ROW_FORMAT = Dynamic;

-- ----------------------------
-- Records of third_app
-- ----------------------------
INSERT INTO `third_app` VALUES (1, 'starcraft', 'e19d5cd5af0378da05f63f891c7467af', 'CMS', '32', 'Super', NULL, NULL);
INSERT INTO `third_app` VALUES (2, 'test', 'e19d5cd5af0378da05f63f891c7467af', 'abcd1234', '', 'abcd1234', NULL, NULL);

-- ----------------------------
-- Table structure for user
-- ----------------------------
DROP TABLE IF EXISTS `user`;
CREATE TABLE `user`  (
  `id` int(11) NOT NULL AUTO_INCREMENT,
  `openid` varchar(50) CHARACTER SET utf8mb4 COLLATE utf8mb4_general_ci NOT NULL,
  `nickname` varchar(50) CHARACTER SET utf8mb4 COLLATE utf8mb4_general_ci NULL DEFAULT NULL,
  `extend` varchar(255) CHARACTER SET utf8mb4 COLLATE utf8mb4_general_ci NULL DEFAULT NULL,
  `delete_time` int(11) NULL DEFAULT NULL,
  `create_time` int(11) NULL DEFAULT NULL COMMENT '注册时间',
  `update_time` int(11) NULL DEFAULT NULL,
  PRIMARY KEY (`id`) USING BTREE,
  UNIQUE INDEX `openid`(`openid`) USING BTREE
) ENGINE = InnoDB AUTO_INCREMENT = 60 CHARACTER SET = utf8mb4 COLLATE = utf8mb4_general_ci ROW_FORMAT = Dynamic;

-- ----------------------------
-- Records of user
-- ----------------------------
INSERT INTO `user` VALUES (58, 'ojzsA0ZYfp4VrxlupXfpLEVKGdo4', '张三', NULL, NULL, NULL, NULL);

-- ----------------------------
-- Table structure for user_address
-- ----------------------------
DROP TABLE IF EXISTS `user_address`;
CREATE TABLE `user_address`  (
  `id` int(11) NOT NULL AUTO_INCREMENT,
  `name` varchar(30) CHARACTER SET utf8mb4 COLLATE utf8mb4_general_ci NOT NULL COMMENT '收获人姓名',
  `mobile` varchar(20) CHARACTER SET utf8mb4 COLLATE utf8mb4_general_ci NOT NULL COMMENT '手机号',
  `province` varchar(20) CHARACTER SET utf8mb4 COLLATE utf8mb4_general_ci NULL DEFAULT NULL COMMENT '省',
  `city` varchar(20) CHARACTER SET utf8mb4 COLLATE utf8mb4_general_ci NULL DEFAULT NULL COMMENT '市',
  `country` varchar(20) CHARACTER SET utf8mb4 COLLATE utf8mb4_general_ci NULL DEFAULT NULL COMMENT '区',
  `detail` varchar(100) CHARACTER SET utf8mb4 COLLATE utf8mb4_general_ci NULL DEFAULT NULL COMMENT '详细地址',
  `delete_time` int(11) NULL DEFAULT NULL,
  `user_id` int(11) NOT NULL COMMENT '外键',
  `update_time` int(11) NULL DEFAULT NULL,
  PRIMARY KEY (`id`) USING BTREE,
  UNIQUE INDEX `user_id`(`user_id`) USING BTREE
) ENGINE = InnoDB AUTO_INCREMENT = 35 CHARACTER SET = utf8mb4 COLLATE = utf8mb4_general_ci ROW_FORMAT = Dynamic;

SET FOREIGN_KEY_CHECKS = 1;
